[
    // Source: the fandom, so take these with a grain of salt
    // I also did some testing in the official version, but by far not all
    
    {
        "name": "Ancient era",
        "researchAgreementCost": 150,
        "startingSettlerCount": 1, // These values should not include the values given in Difficulties.json
        "startingWorkerCount": 0,
        "startingMilitaryUnitCount": 1,
        "startingMilitaryUnit": "Warrior",
        "settlerPopulation": 1,
        "iconRGB": [255, 87, 35]
    },
    {
        "name": "Classical era",
        "researchAgreementCost": 150,
        "startingSettlerCount": 1,
        "startingWorkerCount": 0,
        "startingMilitaryUnitCount": 2,
        "startingMilitaryUnit": "Spearman",
        "startingGold": 10,
        "startingCulture": 100,
        "settlerPopulation": 1,
        "iconRGB": [233, 31, 99]
    },
    {
        "name": "Medieval era",
        "researchAgreementCost": 250,
        "startingSettlerCount": 2,
        "startingWorkerCount": 1,
        "startingMilitaryUnitCount": 3,
        "startingMilitaryUnit": "Spearman",
        "startingGold": 25,
        "startingCulture": 200,
        "settlerPopulation": 1,
        "settlerBuildings": ["Shrine","Monument"],
        "iconRGB": [157, 39, 176]
    },
    {
        "name": "Renaissance era",
        "researchAgreementCost": 250,
        "startingSettlerCount": 2,
        "startingWorkerCount": 1,
        "startingMilitaryUnitCount": 3,
        "startingMilitaryUnit": "Pikeman",
        "startingGold": 50,
        "startingCulture": 300,
        "settlerPopulation": 2,
        "settlerBuildings": ["Shrine","Monument","Granary","Lighthouse"],
        "iconRGB": [104, 58, 183]
    },
    {
        "name": "Industrial era",
        "researchAgreementCost": 300,
        "startingSettlerCount": 3,
        "startingWorkerCount": 2,
        "startingMilitaryUnitCount": 5,
        "startingMilitaryUnit": "Musketman",
        "startingGold": 100,
        "startingCulture": 400,
        "settlerPopulation": 3,
        "settlerBuildings": ["Monument","Granary","Lighthouse","Market","Workshop","Amphitheater","Barracks","Library","Colosseum"],
        "iconRGB": [63, 81, 182]
    },
    {
        "name": "Modern era",
        "researchAgreementCost": 350,
        "startingSettlerCount": 3,
        "startingWorkerCount": 2,
        "startingMilitaryUnitCount": 5,
        "startingMilitaryUnit": "Rifleman",
        "startingGold": 200,
        "startingCulture": 500,
        "settlerPopulation": 3,
        "settlerBuildings": ["Monument","Granary","Lighthouse","Market","Workshop","Amphitheater","Barracks","Library","Colosseum"],
        "iconRGB": [33, 150, 243]
    },
    {
        "name": "Atomic era",
        "researchAgreementCost": 400,
        "startingSettlerCount": 3,
        "startingWorkerCount": 2,
        "startingMilitaryUnitCount": 5,
        "startingMilitaryUnit": "Infantry",
        "startingGold": 200,
        "startingCulture": 500,
        "settlerPopulation": 4,
        "settlerBuildings": ["Monument","Granary","Lighthouse","Market","Workshop","Amphitheater","Barracks","Library","Colosseum"],
        "iconRGB": [0, 150, 136]
    },
    {
        "name": "Information era",
        "researchAgreementCost": 400,
        "startingSettlerCount": 3,
        "startingWorkerCount": 3,
        "startingMilitaryUnitCount": 5,
        "startingMilitaryUnit": "Marine",
        "startingGold": 400,
        "startingCulture": 600,
        "settlerPopulation": 5,
        "settlerBuildings": ["Monument","Granary","Lighthouse","Market","Workshop","Amphitheater","Barracks","Library","Colosseum","Theatre","Bank"],
        // So theoretically this is always just all the wonders at least 2 eras old. So we could just use that. 
        // But where is the modularity? The excluding of very specific wonders? That is no fun.
        // So we just write down the entire long list (sorted by era!) instead.
        "iconRGB": [76, 176, 81]
    },
    { // Technically, this Era doesn't exist in the original game. 
      // But as it is _really_ usefull to have for testing, I'd like to keep it. 
      // The stats are just copy-pasted from the information era.
        "name": "Future era",
        "researchAgreementCost": 400,
        "startingSettlerCount": 3,
        "startingWorkerCount": 3,
        "startingMilitaryUnitCount": 5,
        "startingMilitaryUnit": "Marine",
        "startingGold": 400,
        "startingCulture": 600,
        "settlerPopulation": 5,
        "settlerBuildings": ["Monument","Granary","Lighthouse","Market","Workshop","Amphitheater","Barracks","Library","Colosseum","Theatre","Bank"],
        "iconRGB": [76, 176, 81]
    }
]