[

	// Info according to Civilization Wiki and https://www.civfanatics.com/civ5/info/units/

	/* Ancient Era */
	{
		"name": "Settler",
		"unitType": "Civilian",
		"movement": 2,
		"cost": 106,
		"uniques": ["Founds a new city"],
		"hurryCostModifier": 20
	},
	{
		"name": "Chariot Archer",
		"unitType": "Archery",
		"movement": 4,
		"strength": 6,
		"rangedStrength": 10,
		"cost": 56,
		"requiredTech": "The Wheel",
		"upgradesTo": "Knight",
		"obsoleteTech": "Chivalry",
		"uniques": ["No defensive terrain bonus", "Rough terrain penalty", "Ignores terrain cost"],
		"attackSound": "arrow"
	},
	{
		"name": "War Chariot",
		"unitType": "Archery",
		"uniqueTo": "Egypt",
		"replaces": "Chariot Archer",
		"movement": 5,
		"strength": 6,
		"rangedStrength": 10,
		"cost": 56,
		"requiredTech": "The Wheel",
		"upgradesTo": "Knight",
		"obsoleteTech": "Chivalry",
		"uniques": ["No defensive terrain bonus", "Rough terrain penalty", "Ignores terrain cost"],
		"attackSound": "arrow"
	},
	{
		"name": "Horse Archer",
		"unitType": "Archery",
		"uniqueTo": "The Huns",
		"replaces": "Chariot Archer",
		"movement": 4,
		"strength": 7,
		"rangedStrength": 10,
		"cost": 56,
		"requiredTech": "The Wheel",
		"upgradesTo": "Knight",
		"obsoleteTech": "Chivalry",
		"uniques": ["No defensive terrain bonus", "Ignores terrain cost"],
		"promotions": ["Accuracy I"],
		"attackSound": "arrow"
	},
	{
		"name": "War Elephant",
		"unitType": "Archery",
		"uniqueTo": "India",
		"replaces": "Chariot Archer",
		"movement": 3,
		"strength": 9,
		"rangedStrength": 11,
		"cost": 70,
		"requiredTech": "The Wheel",
		"upgradesTo": "Knight",
		"obsoleteTech": "Chivalry",
		"uniques": ["No defensive terrain bonus", "Ignores terrain cost"],
		"attackSound": "elephant"
	},
	/* Classical Era */
	{
		"name": "Horseman",
		"unitType": "Mounted",
		"movement": 4,
		"strength": 12,
		"cost": 75,
		"requiredTech": "Horseback Riding",
		"upgradesTo": "Knight",
		"obsoleteTech": "Metallurgy",
		"uniques": ["Can move after attacking","No defensive terrain bonus","-[33]% Strength vs [City]","Ignores terrain cost"],
		"hurryCostModifier": 20,
		"attackSound": "horse"
	},
	{
		"name": "Companion Cavalry",
		"unitType": "Mounted",
		"uniqueTo": "Greece",
		"replaces": "Horseman",
		"movement": 5,
		"strength": 14,
		"cost": 75,
		"requiredTech": "Horseback Riding",
		"upgradesTo": "Knight",
		"obsoleteTech": "Metallurgy",
		"promotions": ["Great Generals I"],
		"uniques": ["Can move after attacking", "No defensive terrain bonus", "-[33]% Strength vs [City]", "Ignores terrain cost"],
		"hurryCostModifier": 20,
		"attackSound": "horse"
	},
	{
		"name": "Swordsman",
		"unitType": "Sword",
		"movement": 2,
		"strength": 14,
		"cost": 75,
		"requiredTech": "Iron Working",
		"upgradesTo": "Longswordsman",
		"obsoleteTech": "Gunpowder",
		"hurryCostModifier": 20,
		"attackSound": "metalhit"
		// Barbarian unique Swordsman. Has same icon and name but slightly different 3d texture
	},
      {
		"name": "Legion",
		"unitType": "Sword",
		"uniqueTo": "Rome",
		"replaces": "Swordsman",
		"movement": 2,
		"strength": 17,
		"cost": 75,
		"requiredTech": "Iron Working",
		"upgradesTo": "Longswordsman",
		"obsoleteTech": "Gunpowder",
		"uniques": ["Can build [Road] improvements on tiles", "Can build [Fort] improvements on tiles"],
		"hurryCostModifier": 20,
		"attackSound": "metalhit"
	},
	// Medieval Era
	{
		"name": "Knight",
		"unitType": "Mounted",
		"movement": 4,
		"strength": 20,
		"cost": 120,
		"requiredTech": "Chivalry",
		"obsoleteTech": "Military Science",
		"upgradesTo": "Cavalry",
		"uniques": ["Can move after attacking","No defensive terrain bonus","-[33]% Strength vs [City]", "Ignores terrain cost"],
		"attackSound": "horse"
	},
	{
		"name": "Camel Archer",
		"unitType": "Archery",
		"replaces": "Knight",
		"uniqueTo": "Arabia",
		"movement": 4,
		"strength": 17,
		"rangedStrength": 21,
		"cost": 120,
		"requiredTech": "Chivalry",
		"upgradesTo": "Cavalry",
		"obsoleteTech": "Military Science",
		"uniques": ["Can move after attacking","No defensive terrain bonus","Ignores terrain cost"],
		"attackSound": "arrow"
		//Camel Archer should have no penalty attacking cities
	},
	{
		"name": "Conquistador",
		"unitType": "Mounted",
		"replaces": "Knight",
		"uniqueTo": "Spain",
		"movement": 4,
		"strength": 20,
		"cost": 135,
		"requiredTech": "Chivalry",
		"upgradesTo": "Cavalry",
		"obsoleteTech": "Military Science",
		"uniques": ["Can move after attacking","No defensive terrain bonus", "Founds a new city", "[+2] Visibility Range", "Defense bonus when embarked","Ignores terrain cost"],
		"attackSound": "horse"
		//Conquistador should have no penalty attacking cities
		//Ability to found new cities can only be used on a foreign continent that does not contain the Spanish capital.
	},
	{
		"name": "Naresuan's Elephant",
		"unitType": "Mounted",
		"replaces": "Knight",
		"uniqueTo": "Siam",
		"movement": 3,
		"strength": 25,
		"cost": 120,
		"requiredTech": "Chivalry",
		"obsoleteTech": "Military Science",
		"upgradesTo": "Cavalry",
		"uniques": ["Can move after attacking","No defensive terrain bonus","+[50]% Strength vs [Mounted]","-[33]% Strength vs [City]","Ignores terrain cost"],
		"attackSound": "elephant"
	},
	{
		"name": "Mandekalu Cavalry",
		"unitType": "Mounted",
		"replaces": "Knight",
		"uniqueTo": "Songhai",
		"movement": 4,
		"strength": 20,
		"cost": 110,
		"requiredTech": "Chivalry",
		"upgradesTo": "Cavalry",
		"obsoleteTech": "Military Science",
		"uniques": ["Can move after attacking","No defensive terrain bonus", "Ignores terrain cost"],
		"attackSound": "horse"
	},
	{
		"name": "Keshik",
		"unitType": "Archery",
		"replaces": "Knight",
		"uniqueTo": "Mongolia",
		"range": 2,
		"movement": 5,
		"strength": 15,
		"rangedStrength": 16,
		"cost": 120,
		"requiredTech": "Chivalry",
		"upgradesTo": "Cavalry",
		"obsoleteTech": "Military Science",
		"uniques": ["Can move after attacking","No defensive terrain bonus","Ignores terrain cost"],
		"promotions": ["Great Generals I", "Quick Study"],
		"attackSound": "arrow"
		// Keshik should have no penalty attacking cities
	},
	{
		"name": "Longswordsman",
		"unitType": "Sword",
		"movement": 2,
		"strength": 21,
		"cost": 120,
		"requiredTech": "Steel",
		"upgradesTo": "Musketman",
		"obsoleteTech": "Gunpowder",
		"attackSound": "metalhit"
	},
	{
		"name": "Samurai",
		"unitType": "Sword",
		"replaces": "Longswordsman",
		"uniqueTo": "Japan",
		"movement": 2,
		"strength": 21,
		"cost": 120,
		"requiredTech": "Steel",
		"upgradesTo": "Musketman",
		"obsoleteTech": "Gunpowder",
		"promotions": ["Shock I", "Great Generals II"],
		"attackSound": "metalhit"
		//Samurai should also create Fishing Boats (not now, surely)
	},
	{
		"name": "Berserker",
		"unitType": "Sword",
		"replaces": "Longswordsman",
		"uniqueTo": "Denmark",
		"movement": 3,
		"strength": 21,
		"cost": 120,
		"requiredTech": "Metal Casting",
		"upgradesTo": "Musketman",
		"obsoleteTech": "Metallurgy",
		"promotions": ["Amphibious"],
		"hurryCostModifier": 20,
		"attackSound": "metalhit"
		//Danish unique unit. Can attack from the sea without any penalty, and moves faster.
	},
	// Rennaisance Era
	{
		"name": "Privateer",
		"unitType": "Melee Water",
		"movement": 5,
		"strength": 25,
		"cost": 150,
        "obsoleteTech": "Combustion",
		"requiredTech": "Navigation",
		"upgradesTo": "Destroyer",
		"promotions": ["Coastal Raider I"],
		"uniques": ["May capture killed [Water] units"],
		"attackSound": "cannon"
	},
	{
		"name": "Sea Beggar",
		"unitType": "Melee Water",
		"replaces": "Privateer",
		"uniqueTo": "The Netherlands",
		"movement": 5,
		"strength": 25,
		"cost": 150,
        "obsoleteTech": "Combustion",
		"requiredTech": "Navigation",
		"upgradesTo": "Destroyer",
		"promotions": ["Coastal Raider I", "Coastal Raider II", "Supply"],
		"uniques": ["May capture killed [Water] units"]
	},
	{
		"name": "Frigate",
		"unitType": "Ranged Water",
		"movement": 5,
		"strength": 25,
		"rangedStrength": 28,
		"cost": 185,
		"requiredTech": "Navigation",
		"obsoleteTech": "Electronics",
		"upgradesTo": "Battleship",
		"hurryCostModifier": 20,
		"attackSound": "cannon"
	},
	{
		"name": "Ship of the Line",
		"unitType": "Ranged Water",
		"replaces": "Frigate",
		"uniqueTo": "England",
		"movement": 5,
		"strength": 30,
		"rangedStrength": 35,
		"cost": 185,
		"uniques": ["[+1] Visibility Range"],
		"requiredTech": "Navigation",
		"obsoleteTech": "Electronics",
		"upgradesTo": "Battleship",
		"hurryCostModifier": 20,
		"attackSound": "cannon"
	},
	{
		"name": "Lancer",
		"unitType": "Mounted",
		"movement": 4,
		"strength": 25,
		"cost": 185,
		"requiredTech": "Metallurgy",
		"uniques": ["Can move after attacking","No defensive terrain bonus","-[33]% Strength vs [City]","Ignores terrain cost"],
		"promotions": ["Formation I"],
		"upgradesTo": "Anti-Tank Gun",
		"obsoleteTech": "Combined Arms",
		"attackSound": "horse"
	},
	{
		"name": "Sipahi",
		"unitType": "Mounted",
		"replaces": "Lancer",
		"uniqueTo": "The Ottomans",
		"movement": 5,
		"strength": 25,
		"cost": 185,
		"requiredTech": "Metallurgy",
		"uniques": ["Can move after attacking","No defensive terrain bonus","-[33]% Strength vs [City]",
			"[+1] Visibility Range", "No movement cost to pillage","Ignores terrain cost"],
		"promotions": ["Formation I"],
		"upgradesTo": "Anti-Tank Gun",
		"obsoleteTech": "Combined Arms",
		"attackSound": "horse"
	},
	{
		"name": "Hakkapeliitta",
		"unitType": "Mounted",
		"replaces": "Lancer",
		"uniqueTo": "Sweden",
		"movement": 4,
		"strength": 25,
		"cost": 185,
		"requiredTech": "Metallurgy",
		"uniques": ["Can move after attacking","No defensive terrain bonus","-[33]% Strength vs [City]",
			"Transfer Movement to [Great General]", "[+15]% Strength when stacked with [Great General]","Ignores terrain cost"],
		"promotions": ["Formation I"],
		"upgradesTo": "Anti-Tank Gun",
		"obsoleteTech": "Combined Arms",
		"attackSound": "horse"
	},
	// Industrial Era
	{
		"name": "Cavalry",
		"unitType": "Mounted",
		"movement": 4,
		"strength": 34,
		"cost": 225,
		"requiredTech": "Military Science",
		"obsoleteTech": "Combustion",
		"upgradesTo": "Landship",
		"uniques": ["Can move after attacking","No defensive terrain bonus","-[33]% Strength vs [City]","Ignores terrain cost"],
		"attackSound": "horse"
	},
	{
		"name": "Cossack",
		"unitType": "Mounted",
		"replaces": "Cavalry",
		"uniqueTo": "Russia",
		"movement": 4,
		"strength": 34,
		"cost": 225,
		"requiredTech": "Military Science",
		"obsoleteTech": "Combustion",
		"upgradesTo": "Landship",
		"uniques": ["Can move after attacking","No defensive terrain bonus",
			"-[33]% Strength vs [City]", "+[50]% Strength vs [wounded units]","Ignores terrain cost"],
		"attackSound": "horse"
	},
	{
		"name": "Ironclad",
		"unitType": "Melee Water",
		"movement": 3,
		"strength": 45,
		"cost": 250,
		"requiredTech": "Steam Power",
		"upgradesTo": "Destroyer",
		"obsoleteTech": "Combustion",
		"uniques": ["+[33]% Strength vs [City]","Double movement in coast"],
		"attackSound": "shipguns"
	},
	// Modern era
	{
		"name": "Submarine",
		"unitType": "Submarine",
		"movement": 5,
		"strength": 35,
		"rangedStrength": 60,
		"cost": 325,
        "obsoleteTech": "Telecommunications",
		"requiredTech": "Refrigeration",
		"upgradesTo": "Nuclear Submarine",
		"uniques": ["+[75]% Strength when attacking", "Can only attack [Water] tiles", "Can attack submarines"],
		"attackSound": "torpedo"
	},
	{
		"name": "Triplane",
		"unitType": "Fighter",
		"movement": 1,
		"strength": 35,
		"rangedStrength": 35,
		"range": 5,
		"interceptRange": 5,
		"cost": 325,
		"requiredTech": "Flight",
		"upgradesTo": "Fighter",
		"obsoleteTech": "Radar",
		"uniques": ["[50]% chance to intercept air attacks","+[50]% Strength vs [Bomber]"],
		"attackSound": "machinegun"
	},
	{
		"name": "Great War Bomber",
		"unitType": "Bomber",
		"movement": 1,
		"strength": 50,
		"rangedStrength": 50,
		"range": 6,
		"cost": 325,
		"requiredTech": "Flight",
		"upgradesTo": "Bomber",
		"obsoleteTech": "Radar",
		"attackSound": "bombing"
	},
	{
		"name": "Carrier",
		"unitType": "Aircraft Carrier",
		"movement": 5,
		"strength": 40,
		"cost": 375,
        "upgradesTo": "Missile Cruiser",
		"obsoleteTech": "Robotics",
		"requiredTech": "Electronics",
		"uniques": ["Cannot attack", "Can carry [2] [Aircraft] units"]
	},
	{
		"name": "Battleship",
		"unitType": "Ranged Water",
		"movement": 5,
		"strength": 55,
		"rangedStrength": 55,
		"range": 3,
		"cost": 375,
        "upgradesTo": "Missile Cruiser",
		"obsoleteTech": "Robotics",
		"requiredTech": "Electronics",
		"uniques": ["Ranged attacks may be performed over obstacles"],
		"attackSound": "shipguns"
		// Does not actually upgrade to Missile Cruisers
	},
    {
		"name": "Destroyer",
		"unitType": "Melee Water",
		"movement": 6,
		"strength": 55,
		"interceptRange": 2,
		"cost": 375,
        "upgradesTo": "Missile Cruiser",
		"obsoleteTech": "Robotics",
		"requiredTech": "Combustion",
		"uniques": ["Can attack submarines", "[40]% chance to intercept air attacks",
			"May withdraw before melee ([80]%)", "+[100]% Strength vs [submarine units]"],
		"attackSound": "shipguns"
	},
	{
		"name": "Machine Gun",
		"unitType": "Ranged Gunpowder",
		"range": 1,
		"movement": 2,
		"strength": 60,
		"rangedStrength": 60,
		"cost": 350,
		"requiredTech": "Ballistics",
		"upgradesTo": "Mechanized Infantry",
        "obsoleteTech": "Mobile Tactics",
		"attackSound": "machinegun"
		// Upgrades to Bazooka in BNW
	},
	{
		"name": "Landship",
		"unitType": "Armored",
		"movement": 4,
		"strength": 60,
		"cost": 350,
		"requiredTech": "Combustion",
		"upgradesTo": "Tank",
		"obsoleteTech": "Combined Arms",
		"uniques": ["Can move after attacking","No defensive terrain bonus","Ignores terrain cost"],
		"attackSound": "tankshot"
	},
	// Atomic Era
	{
		"name": "Marine",
		"unitType": "Gunpowder",
		"movement": 2,
		"strength": 65,
		"cost": 400,
        "upgradesTo": "Mechanized Infantry",
        "obsoleteTech": "Mobile Tactics",
		"requiredTech": "Pharmaceuticals",
		"promotions": ["Amphibious"],
		"uniques": ["[+1] Sight for all [Embarked] units", "Defense bonus when embarked"],
		"attackSound": "shot"
	},
	{
		"name": "Fighter",
		"unitType": "Fighter",
		"movement": 1,
		"strength": 45,
		"rangedStrength": 45,
		"range": 8,
		"interceptRange": 8,
		"cost": 375,
        "obsoleteTech": "Lasers",
		"requiredTech": "Radar",
		"upgradesTo": "Jet Fighter",
		"uniques": ["[100]% chance to intercept air attacks", "+[150]% Strength vs [Bomber]"],
		"attackSound": "machinegun"
	},
	{
		"name": "Bomber",
		"unitType": "Bomber",
		"movement": 1,
		"strength": 65,
		"rangedStrength": 65,
		"range": 10,
		"cost": 375,
        "obsoleteTech": "Stealth",
		"requiredTech": "Radar",
		"upgradesTo": "Stealth Bomber",
		"attackSound": "bombing"
	},
	{
		"name": "B17",
		"unitType": "Bomber",
		"replaces": "Bomber",
		"uniqueTo": "America",
		"movement": 1,
		"strength": 70,
		"rangedStrength": 70,
		"range": 10,
		"cost": 375,
		"requiredTech": "Radar",
		"promotions": ["Evasion", "Siege I"],
		"upgradesTo": "Stealth Bomber",
		"attackSound": "bombing"
	},
	{
		"name": "Paratrooper",
		"unitType": "Gunpowder",
		"movement": 2,
		"strength": 65,
		"cost": 375,
        "upgradesTo": "Mechanized Infantry",
        "obsoleteTech": "Mobile Tactics",
		"requiredTech": "Radar",
		"uniques": ["May Paradrop up to [5] tiles from inside friendly territory"],
		"attackSound": "shot"
		// upgradesTo "XCOM Squad", "No Movement Cost to Pillage" in BNW
	},
    {
		"name": "Artillery",
		"unitType": "Siege",
		"movement": 2,
		"strength": 21,
		"rangedStrength": 28,
		"range": 3,
		"cost": 320,
		"requiredTech": "Dynamite",
        "obsoleteTech": "Rocketry",
		"upgradesTo": "Rocket Artillery",
		"uniques": ["+[200]% Strength vs [City]","No defensive terrain bonus",
			"Must set up to ranged attack","Limited Visibility","Ranged attacks may be performed over obstacles"],
		"attackSound": "artillery"
	},
	{
		"name": "Tank",
		"unitType": "Armored",
		"movement": 5,
		"strength": 70,
		"cost": 375,
        "obsoleteTech": "Lasers",
		"requiredTech": "Combined Arms",
		"upgradesTo": "Modern Armor",
		"uniques": ["Can move after attacking","No defensive terrain bonus","Ignores terrain cost"],
		"attackSound": "tankshot"
	},
	{
		"name": "Panzer",
		"unitType": "Armored",
		"uniqueTo": "Germany",
		"replaces": "Tank",
		"movement": 6,
		"strength": 80,
		"cost": 375,
        "obsoleteTech": "Lasers",
		"requiredTech": "Combined Arms",
		"uniques": ["Can move after attacking","No defensive terrain bonus","Ignores terrain cost"],
		"attackSound": "tankshot"
		//German unique unit, stronger than Tank
	},
	{
		"name": "Anti-Tank Gun",
		"unitType": "Gunpowder",
		"movement": 2,
		"strength": 50,
		"cost": 300,
        "obsoleteTech": "Computers",
		"requiredTech": "Combined Arms",
		"upgradesTo": "Helicopter Gunship",
		"uniques": ["+[100]% Strength vs [Armored]","Ignores terrain cost"],
		"attackSound": "machinegun"
	},
	{
		"name": "Atomic Bomb",
		"unitType": "Atomic Bomber",
		"movement": 1,
		"strength": 150,
		"rangedStrength": 150,
		"range": 10,
		"cost": 600,
		"requiredTech": "Nuclear Fission",
		"promotions" : ["Evasion"],
		"uniques": ["Nuclear weapon of Strength [1]", "Requires [Manhattan Project]", "Self-destructs when attacking",
			"Blast radius [2]"],
		"attackSound": "nuke"
		// Plane rather than a missile - can be based in city or Carrier only.
		// Can be intercepted, but must die for it not to take effect.
	},
	{
		"name": "Rocket Artillery",
		"unitType": "Siege",
		"movement": 2,
		"strength": 45,
		"rangedStrength": 60,
		"range": 3,
		"cost": 425,
		"requiredTech": "Rocketry",
		"uniques": ["+[200]% Strength vs [City]","No defensive terrain bonus",
			"Limited Visibility","Ranged attacks may be performed over obstacles","Ignores terrain cost"],
		"attackSound": "artillery"
	},
	{
		"name": "Mobile SAM",
		"unitType": "Gunpowder",
		"movement": 3,
		"interceptRange": 2,
		"strength": 65,
		"cost": 425,
		"requiredTech": "Rocketry",
		"uniques": ["[100]% chance to intercept air attacks","+[150]% Strength vs [air units]","Ignores terrain cost"],
		"attackSound": "missile"
	},
	{
		"name": "Guided Missile",
		"unitType": "Missile",
		"movement": 1,
		"strength": 60,
		"rangedStrength": 60,
		"range": 8,
		"cost": 150,
		"requiredTech": "Advanced Ballistics",
		"attackSound": "missile"
	},
	{
		"name": "Nuclear Missile",
		"unitType": "Missile",
		"movement": 1,
		"strength": 300,
		"rangedStrength": 300,
		"range": 12,
		"cost": 1000,
		"requiredTech": "Advanced Ballistics",
		"uniques": ["Nuclear weapon of Strength [2]", "Requires [Manhattan Project]",
			"Blast radius [2]"],
		"attackSound": "nuke"
	},
	{
		// "Hovering unit" unique gives ability to get into impassable tiles - and only that (no vision bonus or flying over ocean)
		// Unit embarks like any other ground unit and has penalty for attacking over river or from embarked state
		"name": "Helicopter Gunship",
		"unitType": "Helicopter",
		"movement": 6,
		"strength": 60,
		"cost": 425,
		"requiredTech": "Computers",
		"uniques": ["+[100]% Strength vs [Armored]", "No defensive terrain bonus", "Can move after attacking",
			"All tiles cost 1 movement", "Unable to capture cities","Ignores terrain cost"],
		"attackSound": "machinegun"
	},

	// Information Era
	{
		"name": "Nuclear Submarine",
		"unitType": "Submarine",
		"movement": 6,
		"strength": 50,
		"range": 3,
		"rangedStrength": 85,
		"cost": 425,
		"requiredTech": "Telecommunications",
		"uniques": ["+[75]% Strength when attacking", "Can only attack [Water] tiles", "Can attack submarines",
			"[+1] Visibility Range", "Can carry [2] [Missile] units"],
		"attackSound": "torpedo"
	},
	{
		"name": "Mechanized Infantry",
		"unitType": "Gunpowder",
		"movement": 3,
		"strength": 90,
		"cost": 375,
         "promotions": ["Amphibious"],
		"uniques": ["May Paradrop up to [10] tiles from inside friendly territory","[+2] Sight for all [Embarked] units", "Defense bonus when embarked","Ignores terrain cost"],
		"requiredTech": "Mobile Tactics",
		"attackSound": "tankshot"
	},
	{
		"name": "Missile Cruiser",
		"unitType": "Ranged Water",
		"movement": 7,
		"strength": 80,
		"rangedStrength": 100,
		"range": 3,
		"interceptRange": 2,
		"cost": 425,
		"requiredTech": "Robotics",
		"uniques": ["[100]% chance to intercept air attacks", "Can attack submarines",
			"Ranged attacks may be performed over obstacles", "Can carry [3] [Missile] units",
			"+[100]% Strength vs [submarine units]","Can carry [2] [Aircraft] units"],
		"attackSound": "shipguns"
	},
	{
		"name": "Modern Armor",
		"unitType": "Armored",
		"movement": 5,
		"strength": 100,
		"cost": 425,
		"requiredTech": "Lasers",
        "obsoleteTech": "Nuclear Fusion",
		"upgradesTo": "Giant Death Robot",
		"uniques": ["Can move after attacking", "No defensive terrain bonus","Ignores terrain cost"],
		"attackSound": "tankshot"
	},
	{
		"name": "Jet Fighter",
		"unitType": "Fighter",
		"movement": 1,
		"strength": 75,
		"rangedStrength": 75,
		"range": 10,
		"interceptRange": 10,
		"cost": 425,
		"requiredTech": "Lasers",
		"uniques": ["[100]% chance to intercept air attacks", "+[150]% Strength vs [Bomber]"],
		"attackSound": "jetgun"
	},
	{
		"name": "Giant Death Robot",
		"unitType": "Armored",
		"movement": 5,
		"strength": 150,
		"cost": 425,
		"requiredTech": "Nuclear Fusion",
		"uniques": ["Can move after attacking", "No defensive terrain bonus","Ignores terrain cost"],
		"attackSound": "gdrAttack"
	},
	{
		"name": "Stealth Bomber",
		"unitType": "Bomber",
		"movement": 2,
		"strength": 85,
		"rangedStrength": 85,
		"range": 20,
		"cost": 425,
		"requiredTech": "Stealth",
		"uniques": ["Damage taken from interception reduced by [100]%", "Cannot be carried by [Carrier] units", "6 tiles in every direction always visible"],
		"attackSound": "bombing"
	},

	/* Great people */

	{
		"name": "Great Artist",
		"unitType": "Civilian",
		"uniques": ["Can start an [8]-turn golden age", "Can construct [Landmark]", "Great Person - [Culture]", "Unbuildable"],
		"movement": 2
	},
	{
		"name": "Great Scientist",
		"unitType": "Civilian",
		"uniques": ["Can hurry technology research", "Can construct [Academy]", "Great Person - [Science]", "Unbuildable"],
		"movement": 2
	},
	{
		"name": "Great Merchant",
		"unitType": "Civilian",
		"uniques": ["Can undertake a trade mission with City-State, giving a large sum of gold and [30] Influence",
			"Can construct [Customs house]", "Great Person - [Gold]", "Unbuildable"],
		"movement": 2
	},
	{
		"name": "Great Engineer",
		"unitType": "Civilian",
		"uniques": ["Can speed up construction of a wonder", "Can construct [Manufactory]", "Great Person - [Production]", "Unbuildable"],
		"movement": 2
	},
	{
		"name": "Great Prophet",
		"unitType": "Civilian",
		"uniques": ["Can construct [Holy site] if it hasn't spread religion yet", "Can spread religion [4] times",
			"May found a religion", "Great Person - [Faith]", "Unbuildable", "Religious Unit", "Hidden when religion is disabled"],
		"movement": 2
	},
	{
		"name": "Great General",
		"unitType": "Civilian",
		"uniques": ["Can start an [8]-turn golden age", "Bonus for units in 2 tile radius 15%", "Can construct [Citadel]",
			"Great Person - [War]", "Unbuildable"],
		"movement": 2
	},
	{
		"name": "Khan",
		"unitType": "Civilian",
		"uniqueTo": "Mongolia",
		"replaces": "Great General",
		"uniques": ["Can start an [8]-turn golden age","Bonus for units in 2 tile radius 15%",
			"Heal adjacent units for an additional 15 HP per turn", "Can construct [Citadel]", "Great Person - [War]", "Unbuildable"],
		"movement": 5
	},

	/* Religious units */

	{
		"name": "Missionary",
		"unitType": "Civilian",
		"uniques": ["Can spread religion [2] times", "Can be purchased with [Faith] [in all cities in which the majority religion is a major religion]",
			"Unbuildable", "Religious Unit"],
		"movement": 4
	}

	/* Spaceship Parts */
	/*
	// Must be transported to the Capital for launch.
	// Can be destroyed by any hostile military unit walking in their tile.
	{
		"name": "SS Booster",
		"unitType": "Civilian",
		"movement": 2,
		"cost": 500,
		"requiredTech": "Advanced Ballistics",
		"requiredResource": "Aluminum",
		"uniques": ["Spaceship part", "Cannot be purchased", "Requires [Apollo Program]"]
		// costs 750 in G&K, 1500 in BNW
	},
	{
		"name": "SS Cockpit",
		"unitType": "Civilian",
		"movement": 2,
		"cost": 750,
		"requiredTech": "Satellites",
		"requiredResource": "Aluminum",
		"uniques": ["Spaceship part", "Cannot be purchased", "Requires [Apollo Program]"]
		// costs 1500 in BNW
	},
	{
		"name": "SS Engine",
		"unitType": "Civilian",
		"movement": 2,
		"cost": 750,
		"requiredTech": "Particle Physics",
		"requiredResource": "Aluminum",
		"uniques": ["Spaceship part", "Cannot be purchased", "Requires [Apollo Program]"]
		// costs 1500 in BNW
	},
	{
		"name": "SS Stasis Chamber",
		"unitType": "Civilian",
		"movement": 2,
		"cost": 750,
		"requiredTech": "Nanotechnology",
		"requiredResource": "Aluminum",
		"uniques": ["Spaceship part", "Cannot be purchased", "Requires [Apollo Program]"]
		// costs 1500 in BNW
	}
	*/
]
